Prism-235,Fabric
Prism-215,Fabric
Prism-217,Fabric
Prism-233,Fabric
Prism-213,Fabric
Prism-202,Fabric
Prism-214,Fabric
Prism-234,Fabric
Prism-216,Fabric
Prism-087,Fabric/Leather
Prism-370,Fabric/Leather
Prism-373,Fabric/Leather
Prism-372,Fabric/Leather
Prism-366,Fabric/Leather
Prism-367,Fabric/Leather
Prism-369,Fabric/Leather
Prism-371,Fabric/Leather
Prism-368,Fabric/Leather
Prism-362,Fabric/Leather
Prism-365,Fabric/Leather
Prism-364,Fabric/Leather
Prism-358,Fabric/Leather
Prism-359,Fabric/Leather
Prism-361,Fabric/Leather
Prism-363,Fabric/Leather
Prism-360,Fabric/Leather
Prism-088,Fabric/Leather
Prism-816,Flooring/Carpet
Prism-817,Flooring/Carpet
Prism-818,Flooring/Carpet
Prism-819,Flooring/Carpet
Prism-820,Flooring/Carpet
Prism-821,Flooring/Carpet
Prism-822,Flooring/Carpet
Prism-823,Flooring/Carpet
Prism-824,Flooring/Carpet
Prism-825,Flooring/Carpet
Prism-2045,Flooring/Carpet
Prism-2046,Flooring/Carpet
Prism-2047,Flooring/Carpet
Prism-2048,Flooring/Carpet
Prism-2049,Flooring/Carpet
Prism-2050,Flooring/Carpet
Prism-2051,Flooring/Carpet
Prism-2052,Flooring/Carpet
Prism-2053,Flooring/Carpet
Prism-165,Glass/Color Density
Prism-168,Glass/Color Density
Prism-163,Glass/Color Density
Prism-166,Glass/Color Density
Prism-164,Glass/Color Density
Prism-167,Glass/Color Density
Prism-2000,Glass/Glazing
Prism-2001,Glass/Glazing
Prism-2002,Glass/Glazing
Prism-2003,Glass/Glazing
Prism-2004,Glass/Glazing
Prism-2005,Glass/Glazing
Prism-2006,Glass/Glazing
Prism-2007,Glass/Glazing
Prism-2008,Glass/Glazing
Prism-2009,Glass/Glazing
Prism-2010,Glass/Glazing
Prism-2011,Glass/Glazing
Prism-2012,Glass/Glazing
Prism-2013,Glass/Glazing
Prism-2014,Glass/Glazing
Prism-2015,Glass/Glazing
Prism-2016,Glass/Glazing
Prism-2017,Glass/Glazing
Prism-2018,Glass/Glazing
Prism-2019,Glass/Glazing
Prism-2020,Glass/Glazing
Prism-2021,Glass/Glazing
Prism-2022,Glass/Glazing
Prism-150,Glass/Smooth
Prism-151,Glass/Smooth
Prism-152,Glass/Smooth
Prism-154,Glass/Smooth
Prism-155,Glass/Smooth
Prism-156,Glass/Smooth
Prism-157,Glass/Smooth
Prism-158,Glass/Textured
Prism-159,Glass/Textured
Prism-153,Glass/Textured
Prism-208,Glass/Textured
Prism-207,Glass/Textured
Prism-160,Glass/Textured
Prism-161,Glass/Textured
Prism-162,Glass/Textured
Prism-029,Metal/Aluminum
Prism-033,Metal/Aluminum
Prism-030,Metal/Aluminum
Prism-032,Metal/Aluminum
Prism-034,Metal/Aluminum
Prism-017,Metal/Aluminum
Prism-018,Metal/Aluminum
Prism-218,Metal/Aluminum
Prism-026,Metal/Aluminum
Prism-027,Metal/Aluminum
Prism-028,Metal/Aluminum
Prism-624,Metal/Aluminum
Prism-040,Metal/Brass
Prism-334,Metal/Brass
Prism-352,Metal/Brass
Prism-042,Metal/Brass
Prism-045,Metal/Bronze
Prism-044,Metal/Bronze
Prism-047,Metal/Chrome
Prism-046,Metal/Chrome
Prism-625,Metal/Coatings
Prism-626,Metal/Coatings
Prism-142,Metal/Copper
Prism-048,Metal/Copper
Prism-049,Metal/Copper
Prism-050,Metal/Copper
Prism-051,Metal/Copper
Prism-137,Metal/Copper
Prism-052,Metal/Gold
Prism-231,Metal/Iron
Prism-230,Metal/Iron
Prism-243,Metal/Lead
Prism-242,Metal/Lead
Prism-053,Metal/Nickel
Prism-054,Metal/Nickel
Prism-240,Metal/Palladium
Prism-241,Metal/Palladium
Prism-055,Metal/Platinum
Prism-056,Metal/Silver
Prism-057,Metal/Silver
Prism-067,Metal/Stainless
Prism-068,Metal/Stainless
Prism-066,Metal/Stainless
Prism-058,Metal/Stainless
Prism-061,Metal/Stainless
Prism-059,Metal/Stainless
Prism-060,Metal/Stainless
Prism-232,Metal/Stainless
Prism-071,Metal/Stainless
Prism-073,Metal/Stainless
Prism-246,Metal/Steel
Prism-221,Metal/Steel
Prism-224,Metal/Steel
Prism-222,Metal/Steel
Prism-223,Metal/Steel
Prism-229,Metal/Steel
Prism-083,Metal/Steel
Prism-082,Metal/Steel
Prism-228,Metal/Steel
Prism-084,Metal/Steel
Prism-256,Metal/Steel
Prism-085,Metal/Titanium
Prism-086,Metal/Titanium
Prism-858,AEC/Tiling Materials
Prism-862,AEC/Tiling Materials
Prism-881,AEC/Tiling Materials
Prism-882,AEC/Tiling Materials
Prism-883,AEC/Tiling Materials
Prism-884,AEC/Tiling Materials
Prism-885,AEC/Tiling Materials
Prism-886,AEC/Tiling Materials
Prism-887,AEC/Tiling Materials
Prism-888,AEC/Tiling Materials
Prism-889,AEC/Tiling Materials
Prism-890,AEC/Tiling Materials
Prism-891,AEC/Tiling Materials
Prism-894,AEC/Tiling Materials
Prism-895,AEC/Tiling Materials
Prism-896,AEC/Tiling Materials
Prism-897,AEC/Tiling Materials
Prism-898,AEC/Tiling Materials
Prism-1102,AEC/Tiling Materials
Prism-1103,AEC/Tiling Materials
Prism-1104,AEC/Tiling Materials
Prism-1105,AEC/Tiling Materials
Prism-1106,AEC/Tiling Materials
Prism-1107,AEC/Tiling Materials
Prism-1108,AEC/Tiling Materials
Prism-1109,AEC/Tiling Materials
Prism-1110,AEC/Tiling Materials
Prism-1111,AEC/Tiling Materials
Prism-1112,AEC/Tiling Materials
Prism-1113,AEC/Tiling Materials
Prism-1114,AEC/Tiling Materials
Prism-1151,AEC/Tiling Materials
Prism-1154,AEC/Tiling Materials
Prism-1155,AEC/Tiling Materials
Prism-1168,AEC/Tiling Materials
Prism-1180,AEC/Tiling Materials
Prism-800,Ceiling
Prism-801,Ceiling
Prism-802,Ceiling
Prism-803,Ceiling
Prism-804,Ceiling
Prism-805,Ceiling
Prism-806,Ceiling
Prism-807,Ceiling
Prism-808,Ceiling
Prism-809,Ceiling
Prism-810,Ceiling
Prism-848,Ceiling
Prism-849,Ceiling
Prism-863,Ceiling
Prism-864,Ceiling
Prism-865,Ceiling
Prism-866,Ceiling
Prism-867,Ceiling
Prism-868,Ceiling
Prism-869,Ceiling
Prism-870,Ceiling
Prism-871,Ceiling
Prism-872,Ceiling
Prism-873,Ceiling
Prism-874,Ceiling
Prism-875,Ceiling
Prism-876,Ceiling
Prism-877,Ceiling
Prism-878,Ceiling
Prism-879,Ceiling
Prism-880,Ceiling
Prism-892,Ceiling
Prism-893,Ceiling
Prism-237,Liquid
Prism-236,Liquid
Prism-197,Liquid
Prism-198,Liquid
Prism-199,Liquid
Prism-125,Mirror
Prism-319,Miscellaneous
Prism-850,Miscellaneous
Prism-379,Miscellaneous
Prism-2023,Miscellaneous/Base Materials
Prism-1172,Miscellaneous/Base Materials
Prism-1169,Miscellaneous/Base Materials
Prism-1171,Miscellaneous/Base Materials
Prism-1170,Miscellaneous/Base Materials
Prism-001,Miscellaneous/Carbon Fiber
Prism-002,Miscellaneous/Carbon Fiber
Prism-415,Miscellaneous/Emissive
Prism-414,Miscellaneous/Emissive
Prism-403,Miscellaneous/Emissive
Prism-404,Miscellaneous/Emissive
Prism-405,Miscellaneous/Emissive
Prism-406,Miscellaneous/Emissive
Prism-413,Miscellaneous/Emissive
Prism-398,Miscellaneous/Emissive
Prism-399,Miscellaneous/Emissive
Prism-400,Miscellaneous/Emissive
Prism-401,Miscellaneous/Emissive
Prism-402,Miscellaneous/Emissive
Prism-407,Miscellaneous/Emissive
Prism-408,Miscellaneous/Emissive
Prism-409,Miscellaneous/Emissive
Prism-410,Miscellaneous/Emissive
Prism-411,Miscellaneous/Emissive
Prism-412,Miscellaneous/Emissive
Prism-419,Miscellaneous/Emissive
Prism-418,Miscellaneous/Emissive
Prism-417,Miscellaneous/Emissive
Prism-421,Miscellaneous/Emissive
Prism-416,Miscellaneous/Emissive
Prism-422,Miscellaneous/Emissive
Prism-318,Miscellaneous/Foam
Prism-321,Miscellaneous/Foam
Prism-395,Miscellaneous/Gemstone
Prism-350,Miscellaneous/Gemstone
Prism-396,Miscellaneous/Gemstone
Prism-357,Miscellaneous/Gemstone
Prism-353,Miscellaneous/Gemstone
Prism-354,Miscellaneous/Gemstone
Prism-355,Miscellaneous/Gemstone
Prism-356,Miscellaneous/Gemstone
Prism-176,Miscellaneous/Ground Plane
Prism-255,Miscellaneous/Ground Plane
Prism-179,Miscellaneous/Ground Plane
Prism-180,Miscellaneous/Ground Plane
Prism-206,Miscellaneous/Ground Plane
Prism-245,Miscellaneous/Ground Plane
Prism-205,Miscellaneous/Ground Plane
Prism-244,Miscellaneous/Ground Plane
Prism-133,Miscellaneous/Rubber
Prism-131,Miscellaneous/Rubber
Prism-130,Miscellaneous/Rubber
Prism-132,Miscellaneous/Rubber
Prism-320,Miscellaneous/Rubber
Prism-394,Miscellaneous/Wax
Prism-393,Miscellaneous/Wax
Prism-392,Miscellaneous/Wax
Prism-1129,Roofing
Prism-1130,Roofing
Prism-1131,Roofing
Prism-1132,Roofing
Prism-1133,Roofing
Prism-1134,Roofing
Prism-1135,Roofing
Prism-1136,Roofing
Prism-1137,Roofing
Prism-1138,Roofing
Prism-1139,Roofing
Prism-1140,Roofing
Prism-1141,Roofing
Prism-1142,Roofing
Prism-1143,Roofing
Prism-1144,Roofing
Prism-1145,Roofing
Prism-1146,Roofing
Prism-1163,Roofing
Prism-1167,Roofing
Prism-1173,Roofing
Prism-1174,Roofing
Prism-1175,Roofing
Prism-1176,Roofing
Prism-1177,Roofing
Prism-1178,Roofing
Prism-1179,Roofing
Prism-209,Roofing
Prism-2054,Roofing
Prism-2055,Roofing
Prism-2056,Roofing
Prism-2057,Roofing
Prism-2058,Roofing
Prism-124,Roofing
Prism-1147,Siding
Prism-1148,Siding
Prism-1149,Siding
Prism-1150,Siding
Prism-1156,Siding
Prism-1157,Siding
Prism-1158,Siding
Prism-1159,Siding
Prism-1160,Siding
Prism-1161,Siding
Prism-1162,Siding
Prism-1164,Siding
Prism-192,Siding
Prism-193,Siding
Prism-194,Siding
Prism-195,Siding
Prism-196,Siding
Prism-210,Siding
Prism-173,Sitework
Prism-177,Sitework
Prism-828,Sitework
Prism-829,Sitework
Prism-830,Sitework
Prism-840,Sitework
Prism-851,Sitework
Prism-852,Sitework
Prism-853,Sitework
Prism-854,Sitework
Prism-855,Sitework
Prism-856,Sitework
Prism-857,Sitework
Prism-1115,Sitework
Prism-1116,Sitework
Prism-200,Sitework
Prism-201,Sitework
Prism-089,Paint/Glossy
Prism-090,Paint/Glossy
Prism-204,Paint/Glossy
Prism-091,Paint/Glossy
Prism-092,Paint/Glossy
Prism-093,Paint/Glossy
Prism-094,Paint/Glossy
Prism-095,Paint/Glossy
Prism-010,Paint/Metal Flake
Prism-011,Paint/Metal Flake
Prism-016,Paint/Metal Flake
Prism-012,Paint/Metal Flake
Prism-013,Paint/Metal Flake
Prism-014,Paint/Metal Flake
Prism-015,Paint/Metal Flake
Prism-003,Paint/Metallic
Prism-004,Paint/Metallic
Prism-009,Paint/Metallic
Prism-005,Paint/Metallic
Prism-006,Paint/Metallic
Prism-007,Paint/Metallic
Prism-008,Paint/Metallic
Prism-104,Paint/Powder Coat Rough
Prism-105,Paint/Powder Coat Rough
Prism-108,Paint/Powder Coat Rough
Prism-106,Paint/Powder Coat Rough
Prism-107,Paint/Powder Coat Rough
Prism-109,Paint/Powder Coat Rough
Prism-110,Paint/Powder Coat Rough
Prism-111,Paint/Powder Coat Rough
Prism-096,Paint/Powder Coat Smooth
Prism-097,Paint/Powder Coat Smooth
Prism-100,Paint/Powder Coat Smooth
Prism-098,Paint/Powder Coat Smooth
Prism-099,Paint/Powder Coat Smooth
Prism-101,Paint/Powder Coat Smooth
Prism-102,Paint/Powder Coat Smooth
Prism-103,Paint/Powder Coat Smooth
Prism-811,Wall Paint/Glossy
Prism-812,Wall Paint/Glossy
Prism-813,Wall Paint/Glossy
Prism-260,Wall Paint/Matte
Prism-261,Wall Paint/Matte
Prism-262,Wall Paint/Matte
Prism-374,Plastic
Prism-376,Plastic
Prism-375,Plastic
Prism-377,Plastic
Prism-835,Plastic
Prism-836,Plastic
Prism-500,Plastic
Prism-112,Plastic/Opaque
Prism-114,Plastic/Opaque
Prism-117,Plastic/Opaque
Prism-119,Plastic/Opaque
Prism-120,Plastic/Opaque
Prism-126,Plastic/Opaque
Prism-128,Plastic/Opaque
Prism-113,Plastic/Opaque
Prism-115,Plastic/Opaque
Prism-116,Plastic/Opaque
Prism-118,Plastic/Opaque
Prism-121,Plastic/Opaque
Prism-127,Plastic/Opaque
Prism-129,Plastic/Opaque
Prism-122,Plastic/Textured
Prism-253,Plastic/Textured
Prism-123,Plastic/Textured
Prism-252,Plastic/Textured
Prism-386,Plastic/Translucent
Prism-387,Plastic/Translucent
Prism-388,Plastic/Translucent
Prism-389,Plastic/Translucent
Prism-390,Plastic/Translucent
Prism-391,Plastic/Translucent
Prism-380,Plastic/Translucent
Prism-381,Plastic/Translucent
Prism-382,Plastic/Translucent
Prism-383,Plastic/Translucent
Prism-384,Plastic/Translucent
Prism-385,Plastic/Translucent
Prism-169,Plastic/Transparent
Prism-170,Plastic/Transparent
Prism-378,Plastic/Transparent
Prism-171,Plastic/Transparent
Prism-172,Plastic/Transparent
Prism-174,Concrete
Prism-175,Concrete
Prism-846,Concrete
Prism-847,Concrete
Prism-1127,Concrete
Prism-1152,Concrete
Prism-1153,Concrete
Prism-190,Concrete
Prism-191,Concrete
Prism-1100,Concrete/Cast-In-Place
Prism-1101,Concrete/Cast-In-Place
Prism-239,Concrete/Cast-In-Place
Prism-254,Flooring/Stone
Prism-257,Flooring/Stone
Prism-258,Flooring/Stone
Prism-826,Masonry/Brick
Prism-827,Masonry/Brick
Prism-844,Masonry/Brick
Prism-845,Masonry/Brick
Prism-143,Masonry/Brick
Prism-181,Masonry/Brick
Prism-182,Masonry/Brick
Prism-183,Masonry/Brick
Prism-184,Masonry/Brick
Prism-185,Masonry/Brick
Prism-186,Masonry/Brick
Prism-187,Masonry/Brick
Prism-188,Masonry/Brick
Prism-189,Masonry/Brick
Prism-259,Masonry/Brick
Prism-1117,Masonry/CMU
Prism-1118,Masonry/CMU
Prism-1119,Masonry/CMU
Prism-1120,Masonry/CMU
Prism-1121,Masonry/CMU
Prism-1122,Masonry/CMU
Prism-1123,Masonry/CMU
Prism-1124,Masonry/CMU
Prism-1125,Masonry/CMU
Prism-1126,Masonry/CMU
Prism-1165,Masonry/Stone
Prism-1166,Masonry/Stone
Prism-397,Stone
Prism-344,Stone
Prism-841,Stone
Prism-1181,Stone
Prism-1182,Stone
Prism-1183,Stone
Prism-1184,Stone
Prism-1185,Stone
Prism-1186,Stone
Prism-1187,Stone
Prism-1188,Stone
Prism-178,Stone/Granite
Prism-134,Stone/Granite
Prism-135,Stone/Granite
Prism-136,Stone/Granite
Prism-814,Stucco
Prism-815,Stucco
Prism-238,Wall Covering/Stone
Prism-211,Wall Covering/Stone
Prism-842,Wall Covering/Tile
Prism-203,Wall Covering/Tile
Prism-2024,Wall Covering/Tile
Prism-2025,Wall Covering/Tile
Prism-2026,Wall Covering/Tile
Prism-2027,Wall Covering/Tile
Prism-2028,Wall Covering/Tile
Prism-2029,Wall Covering/Tile
Prism-2030,Wall Covering/Tile
Prism-212,Flooring/Tile
Prism-843,Flooring/Wood
Prism-2031,Flooring/Wood
Prism-2032,Flooring/Wood
Prism-2033,Flooring/Wood
Prism-2034,Flooring/Wood
Prism-2035,Flooring/Wood
Prism-2036,Flooring/Wood
Prism-2037,Flooring/Wood
Prism-2038,Flooring/Wood
Prism-2039,Flooring/Wood
Prism-2040,Flooring/Wood
Prism-2041,Flooring/Wood
Prism-2042,Flooring/Wood
Prism-2043,Flooring/Wood
Prism-2044,Flooring/Wood
Prism-2059,Flooring/Wood
Prism-2060,Flooring/Wood
Prism-2061,Flooring/Wood
Prism-2062,Flooring/Wood
Prism-2063,Flooring/Wood
Prism-2064,Flooring/Wood
Prism-323,Wood
Prism-322,Wood
Prism-138,Wood
Prism-247,Wood
Prism-139,Wood
Prism-140,Wood
Prism-248,Wood
Prism-141,Wood
Prism-144,Wood
Prism-420,Wood
Prism-249,Wood
Prism-145,Wood
Prism-148,Wood
Prism-251,Wood
Prism-149,Wood
Prism-146,Wood
Prism-250,Wood
Prism-147,Wood
Prism-831,Wood
Prism-832,Wood
Prism-833,Wood
Prism-834,Wood
Prism-837,Wood
Prism-838,Wood
Prism-839,Wood
Prism-859,Wood
Prism-860,Wood
Prism-861,Wood
